{
    "avg_prec": {
        "train": 0.9860451181014674,
        "test": 0.9432293411431513
    },
    "roc_auc": {
        "train": 0.9932539682539682,
        "test": 0.9615175950699489
    }
}